"STATION","NAME","DATE","TMAX","TMIN","TOBS"
"USC00052223","DENVER WATER DEPARTMENT, CO US","2019-01-01","21","4","4"
"USC00052223","DENVER WATER DEPARTMENT, CO US","2019-01-02","16","4","8"
"USC00052223","DENVER WATER DEPARTMENT, CO US","2019-01-03","46","8","16"
"USC00052223","DENVER WATER DEPARTMENT, CO US","2019-01-04","57","15","25"
"USC00052223","DENVER WATER DEPARTMENT, CO US","2019-01-05","66","25","27"
"USC00052223","DENVER WATER DEPARTMENT, CO US","2019-01-06","60","27","28"
"USC00052223","DENVER WATER DEPARTMENT, CO US","2019-01-07","59","25","26"
"USC00052223","DENVER WATER DEPARTMENT, CO US","2019-01-08","55","26","30"
"USC00052223","DENVER WATER DEPARTMENT, CO US","2019-01-09","43","23","24"
"USC00052223","DENVER WATER DEPARTMENT, CO US","2019-01-10","54","24","30"
"USC00052223","DENVER WATER DEPARTMENT, CO US","2019-01-11","60","30","33"
"USC00052223","DENVER WATER DEPARTMENT, CO US","2019-01-12","44","32","32"
"USC00052223","DENVER WATER DEPARTMENT, CO US","2019-01-13","43","19","19"
"USC00052223","DENVER WATER DEPARTMENT, CO US","2019-01-14","44","19","20"
"USC00052223","DENVER WATER DEPARTMENT, CO US","2019-01-15","49","20","21"
"USC00052223","DENVER WATER DEPARTMENT, CO US","2019-01-16","55","21","33"
"USC00052223","DENVER WATER DEPARTMENT, CO US","2019-01-17","57","31","31"
"USC00052223","DENVER WATER DEPARTMENT, CO US","2019-01-18","60","30","33"
"USC00052223","DENVER WATER DEPARTMENT, CO US","2019-01-19","39","19","19"
"USC00052223","DENVER WATER DEPARTMENT, CO US","2019-01-20","50","19","37"
"USC00052223","DENVER WATER DEPARTMENT, CO US","2019-01-21","60","26","26"
"USC00052223","DENVER WATER DEPARTMENT, CO US","2019-01-22","60","24","24"
"USC00052223","DENVER WATER DEPARTMENT, CO US","2019-01-23","33","17","30"
"USC00052223","DENVER WATER DEPARTMENT, CO US","2019-01-24","49","24","27"
"USC00052223","DENVER WATER DEPARTMENT, CO US","2019-01-25","33","13","14"
"USC00052223","DENVER WATER DEPARTMENT, CO US","2019-01-26","44","14","22"
"USC00052223","DENVER WATER DEPARTMENT, CO US","2019-01-27","49","22","30"
"USC00052223","DENVER WATER DEPARTMENT, CO US","2019-01-28","55","25","25"
"USC00052223","DENVER WATER DEPARTMENT, CO US","2019-01-29","32","8","10"
"USC00052223","DENVER WATER DEPARTMENT, CO US","2019-01-30","38","9","11"
"USC00052223","DENVER WATER DEPARTMENT, CO US","2019-01-31","54","11","22"
"USC00052223","DENVER WATER DEPARTMENT, CO US","2019-02-01","57","20","24"
"USC00052223","DENVER WATER DEPARTMENT, CO US","2019-02-02","60","24","26"
"USC00052223","DENVER WATER DEPARTMENT, CO US","2019-02-03","63","25","37"
"USC00052223","DENVER WATER DEPARTMENT, CO US","2019-02-04","68","35","36"
"USC00052223","DENVER WATER DEPARTMENT, CO US","2019-02-05","62","21","21"
"USC00052223","DENVER WATER DEPARTMENT, CO US","2019-02-06","52","18","18"
"USC00052223","DENVER WATER DEPARTMENT, CO US","2019-02-07","21","-1","0"
"USC00052223","DENVER WATER DEPARTMENT, CO US","2019-02-08","23","-2","0"
"USC00052223","DENVER WATER DEPARTMENT, CO US","2019-02-09","34","-1","13"
"USC00052223","DENVER WATER DEPARTMENT, CO US","2019-02-10","47","13","13"
"USC00052223","DENVER WATER DEPARTMENT, CO US","2019-02-11","35","13","14"
"USC00052223","DENVER WATER DEPARTMENT, CO US","2019-02-12","38","14","20"
"USC00052223","DENVER WATER DEPARTMENT, CO US","2019-02-13","54","20","25"
"USC00052223","DENVER WATER DEPARTMENT, CO US","2019-02-14","60","25","50"
"USC00052223","DENVER WATER DEPARTMENT, CO US","2019-02-15","60","25","28"
"USC00052223","DENVER WATER DEPARTMENT, CO US","2019-02-16","62","20","21"
"USC00052223","DENVER WATER DEPARTMENT, CO US","2019-02-17","41","21","23"
"USC00052223","DENVER WATER DEPARTMENT, CO US","2019-02-18","44","9","9"
"USC00052223","DENVER WATER DEPARTMENT, CO US","2019-02-19","22","9","15"
"USC00052223","DENVER WATER DEPARTMENT, CO US","2019-02-20","22","9","10"
"USC00052223","DENVER WATER DEPARTMENT, CO US","2019-02-21","39","10","17"
"USC00052223","DENVER WATER DEPARTMENT, CO US","2019-02-22","36","15","24"
"USC00052223","DENVER WATER DEPARTMENT, CO US","2019-02-25","48","19","26"
"USC00052223","DENVER WATER DEPARTMENT, CO US","2019-02-26","50","23","24"
"USC00052223","DENVER WATER DEPARTMENT, CO US","2019-02-27","52","21","21"
"USC00052223","DENVER WATER DEPARTMENT, CO US","2019-02-28","37","17","26"
"USC00052223","DENVER WATER DEPARTMENT, CO US","2019-03-04","54","2","6"
"USC00052223","DENVER WATER DEPARTMENT, CO US","2019-03-05","22","-2","12"
"USC00052223","DENVER WATER DEPARTMENT, CO US","2019-03-07","40","20","29"
"USC00052223","DENVER WATER DEPARTMENT, CO US","2019-03-08","58","27","30"
"USC00052223","DENVER WATER DEPARTMENT, CO US","2019-03-09","54","30","39"
"USC00052223","DENVER WATER DEPARTMENT, CO US","2019-03-10","54","23","23"
"USC00052223","DENVER WATER DEPARTMENT, CO US","2019-03-11","53","22","29"
"USC00052223","DENVER WATER DEPARTMENT, CO US","2019-03-12","56","29","36"
"USC00052223","DENVER WATER DEPARTMENT, CO US","2019-03-13","62","36","39"
"USC00052223","DENVER WATER DEPARTMENT, CO US","2019-03-14","39","26","39"
"USC00052223","DENVER WATER DEPARTMENT, CO US","2019-03-15","39","18","18"
"USC00052223","DENVER WATER DEPARTMENT, CO US","2019-03-16","48","18","24"
"USC00052223","DENVER WATER DEPARTMENT, CO US","2019-03-17","50","24","26"
"USC00052223","DENVER WATER DEPARTMENT, CO US","2019-03-18","53","26","32"
"USC00052223","DENVER WATER DEPARTMENT, CO US","2019-03-19","51","32","35"
"USC00052223","DENVER WATER DEPARTMENT, CO US","2019-03-20","48","27","27"
"USC00052223","DENVER WATER DEPARTMENT, CO US","2019-03-21","60","27","34"
"USC00052223","DENVER WATER DEPARTMENT, CO US","2019-03-22","65","34","41"
"USC00052223","DENVER WATER DEPARTMENT, CO US","2019-03-23","56","37","37"
"USC00052223","DENVER WATER DEPARTMENT, CO US","2019-03-24","51","32","32"
"USC00052223","DENVER WATER DEPARTMENT, CO US","2019-03-25","59","32","37"
"USC00052223","DENVER WATER DEPARTMENT, CO US","2019-03-26","61","35","35"
"USC00052223","DENVER WATER DEPARTMENT, CO US","2019-03-27","73","35","42"
"USC00052223","DENVER WATER DEPARTMENT, CO US","2019-03-28","77","42","44"
"USC00052223","DENVER WATER DEPARTMENT, CO US","2019-03-29","66","38","38"
"USC00052223","DENVER WATER DEPARTMENT, CO US","2019-03-30","40","28","32"
"USC00052223","DENVER WATER DEPARTMENT, CO US","2019-03-31","52","29","29"
"USC00052223","DENVER WATER DEPARTMENT, CO US","2019-04-01","53","29","36"
"USC00052223","DENVER WATER DEPARTMENT, CO US","2019-04-02","59","36","37"
"USC00052223","DENVER WATER DEPARTMENT, CO US","2019-04-03","55","37","39"
"USC00052223","DENVER WATER DEPARTMENT, CO US","2019-04-04","65","37","37"
"USC00052223","DENVER WATER DEPARTMENT, CO US","2019-04-05","70","37","44"
"USC00052223","DENVER WATER DEPARTMENT, CO US","2019-04-06","75","44","47"
"USC00052223","DENVER WATER DEPARTMENT, CO US","2019-04-07","71","44","44"
"USC00052223","DENVER WATER DEPARTMENT, CO US","2019-04-08","75","44","57"
"USC00052223","DENVER WATER DEPARTMENT, CO US","2019-04-09","77","43","50"
"USC00052223","DENVER WATER DEPARTMENT, CO US","2019-04-10","82","42","43"
"USC00052223","DENVER WATER DEPARTMENT, CO US","2019-04-11","43","19","20"
"USC00052223","DENVER WATER DEPARTMENT, CO US","2019-04-12","43","19","26"
"USC00052223","DENVER WATER DEPARTMENT, CO US","2019-04-13","47","26","30"
"USC00052223","DENVER WATER DEPARTMENT, CO US","2019-04-14","50","30","36"
"USC00052223","DENVER WATER DEPARTMENT, CO US","2019-04-15","69","36","43"
"USC00052223","DENVER WATER DEPARTMENT, CO US","2019-04-16","76","42","43"
"USC00052223","DENVER WATER DEPARTMENT, CO US","2019-04-17","66","43","45"
"USC00052223","DENVER WATER DEPARTMENT, CO US","2019-04-18","66","40","40"
"USC00052223","DENVER WATER DEPARTMENT, CO US","2019-04-19","67","38","44"
"USC00052223","DENVER WATER DEPARTMENT, CO US","2019-04-20","75","44","50"
"USC00052223","DENVER WATER DEPARTMENT, CO US","2019-04-21","84","50","55"
"USC00052223","DENVER WATER DEPARTMENT, CO US","2019-04-22","77","42","42"
"USC00052223","DENVER WATER DEPARTMENT, CO US","2019-04-23","47","41","45"
"USC00052223","DENVER WATER DEPARTMENT, CO US","2019-04-24","69","45","46"
"USC00052223","DENVER WATER DEPARTMENT, CO US","2019-04-25","77","45","45"
"USC00052223","DENVER WATER DEPARTMENT, CO US","2019-04-26","68","42","50"
"USC00052223","DENVER WATER DEPARTMENT, CO US","2019-04-27","82","43","47"
"USC00052223","DENVER WATER DEPARTMENT, CO US","2019-04-28","76","45","47"
"USC00052223","DENVER WATER DEPARTMENT, CO US","2019-04-29","79","33","33"
"USC00052223","DENVER WATER DEPARTMENT, CO US","2019-04-30","40","31","32"
"USC00052223","DENVER WATER DEPARTMENT, CO US","2019-05-01","41","32","36"
"USC00052223","DENVER WATER DEPARTMENT, CO US","2019-05-02","47","36","38"
"USC00052223","DENVER WATER DEPARTMENT, CO US","2019-05-03","67","38","40"
"USC00052223","DENVER WATER DEPARTMENT, CO US","2019-05-04","73","40","46"
"USC00052223","DENVER WATER DEPARTMENT, CO US","2019-05-05","77","46","51"
"USC00052223","DENVER WATER DEPARTMENT, CO US","2019-05-06","79","49","49"
"USC00052223","DENVER WATER DEPARTMENT, CO US","2019-05-07","72","46","46"
"USC00052223","DENVER WATER DEPARTMENT, CO US","2019-05-08","54","45","45"
"USC00052223","DENVER WATER DEPARTMENT, CO US","2019-05-09","46","32","32"
"USC00052223","DENVER WATER DEPARTMENT, CO US","2019-05-10","42","32","39"
"USC00052223","DENVER WATER DEPARTMENT, CO US","2019-05-11","61","37","37"
"USC00052223","DENVER WATER DEPARTMENT, CO US","2019-05-12","73","37","45"
"USC00052223","DENVER WATER DEPARTMENT, CO US","2019-05-13","77","44","48"
"USC00052223","DENVER WATER DEPARTMENT, CO US","2019-05-14","82","48","53"
"USC00052223","DENVER WATER DEPARTMENT, CO US","2019-05-15","85","51","52"
"USC00052223","DENVER WATER DEPARTMENT, CO US","2019-05-16","89","52","58"
"USC00052223","DENVER WATER DEPARTMENT, CO US","2019-05-17","83","56","56"
"USC00052223","DENVER WATER DEPARTMENT, CO US","2019-05-18","79","46","46"
"USC00052223","DENVER WATER DEPARTMENT, CO US","2019-05-19","66","39","39"
"USC00052223","DENVER WATER DEPARTMENT, CO US","2019-05-20","60","37","37"
"USC00052223","DENVER WATER DEPARTMENT, CO US","2019-05-21","44","32","33"
"USC00052223","DENVER WATER DEPARTMENT, CO US","2019-05-22","43","31","37"
"USC00052223","DENVER WATER DEPARTMENT, CO US","2019-05-23","51","37","41"
"USC00052223","DENVER WATER DEPARTMENT, CO US","2019-05-24","45","32","33"
"USC00052223","DENVER WATER DEPARTMENT, CO US","2019-05-25","75","33","48"
"USC00052223","DENVER WATER DEPARTMENT, CO US","2019-05-26","81","44","52"
"USC00052223","DENVER WATER DEPARTMENT, CO US","2019-05-27","78","52","52"
"USC00052223","DENVER WATER DEPARTMENT, CO US","2019-05-28","71","44","44"
"USC00052223","DENVER WATER DEPARTMENT, CO US","2019-05-29","62","42","43"
"USC00052223","DENVER WATER DEPARTMENT, CO US","2019-05-30","63","43","47"
"USC00052223","DENVER WATER DEPARTMENT, CO US","2019-05-31","73","46","48"
"USC00052223","DENVER WATER DEPARTMENT, CO US","2019-06-01","84","48","55"
"USC00052223","DENVER WATER DEPARTMENT, CO US","2019-06-02","81","55","62"
"USC00052223","DENVER WATER DEPARTMENT, CO US","2019-06-03","86","53","53"
"USC00052223","DENVER WATER DEPARTMENT, CO US","2019-06-04","83","51","55"
"USC00052223","DENVER WATER DEPARTMENT, CO US","2019-06-05","81","52","52"
"USC00052223","DENVER WATER DEPARTMENT, CO US","2019-06-06","83","52","60"
"USC00052223","DENVER WATER DEPARTMENT, CO US","2019-06-07","83","56","64"
"USC00052223","DENVER WATER DEPARTMENT, CO US","2019-06-08","89","60","61"
"USC00052223","DENVER WATER DEPARTMENT, CO US","2019-06-09","83","47","47"
"USC00052223","DENVER WATER DEPARTMENT, CO US","2019-06-10","63","44","48"
"USC00052223","DENVER WATER DEPARTMENT, CO US","2019-06-11","84","48","55"
"USC00052223","DENVER WATER DEPARTMENT, CO US","2019-06-12","82","55","58"
"USC00052223","DENVER WATER DEPARTMENT, CO US","2019-06-13","78","56","57"
"USC00052223","DENVER WATER DEPARTMENT, CO US","2019-06-14","90","57","64"
"USC00052223","DENVER WATER DEPARTMENT, CO US","2019-06-15","88","62","62"
"USC00052223","DENVER WATER DEPARTMENT, CO US","2019-06-16","82","54","58"
"USC00052223","DENVER WATER DEPARTMENT, CO US","2019-06-17","86","54","56"
"USC00052223","DENVER WATER DEPARTMENT, CO US","2019-06-18","75","56","56"
"USC00052223","DENVER WATER DEPARTMENT, CO US","2019-06-19","74","52","54"
"USC00052223","DENVER WATER DEPARTMENT, CO US","2019-06-20","83","54","61"
"USC00052223","DENVER WATER DEPARTMENT, CO US","2019-06-21","88","55","55"
"USC00052223","DENVER WATER DEPARTMENT, CO US","2019-06-22","70","46","47"
"USC00052223","DENVER WATER DEPARTMENT, CO US","2019-06-23","68","40","51"
"USC00052223","DENVER WATER DEPARTMENT, CO US","2019-06-24","71","46","50"
"USC00052223","DENVER WATER DEPARTMENT, CO US","2019-06-25","86","50","59"
"USC00052223","DENVER WATER DEPARTMENT, CO US","2019-06-26","88","56","56"
"USC00052223","DENVER WATER DEPARTMENT, CO US","2019-06-27","95","56","62"
"USC00052223","DENVER WATER DEPARTMENT, CO US","2019-06-28","99","62","62"
"USC00052223","DENVER WATER DEPARTMENT, CO US","2019-06-29","102","62","71"
"USC00052223","DENVER WATER DEPARTMENT, CO US","2019-06-30","97","67","67"
"USC00052223","DENVER WATER DEPARTMENT, CO US","2019-07-01","95","66","66"
"USC00052223","DENVER WATER DEPARTMENT, CO US","2019-07-02","91","59","60"
"USC00052223","DENVER WATER DEPARTMENT, CO US","2019-07-03","89","60","63"
"USC00052223","DENVER WATER DEPARTMENT, CO US","2019-07-04","96","59","61"
"USC00052223","DENVER WATER DEPARTMENT, CO US","2019-07-05","86","53","61"
"USC00052223","DENVER WATER DEPARTMENT, CO US","2019-07-06","82","61","61"
"USC00052223","DENVER WATER DEPARTMENT, CO US","2019-07-07","83","61","62"
"USC00052223","DENVER WATER DEPARTMENT, CO US","2019-07-08","96","62","66"
"USC00052223","DENVER WATER DEPARTMENT, CO US","2019-07-09","89","57","58"
"USC00052223","DENVER WATER DEPARTMENT, CO US","2019-07-10","94","58","62"
"USC00052223","DENVER WATER DEPARTMENT, CO US","2019-07-11","91","62","65"
"USC00052223","DENVER WATER DEPARTMENT, CO US","2019-07-12","99","65","72"
"USC00052223","DENVER WATER DEPARTMENT, CO US","2019-07-13","99","63","63"
"USC00052223","DENVER WATER DEPARTMENT, CO US","2019-07-14","101","63","67"
"USC00052223","DENVER WATER DEPARTMENT, CO US","2019-07-15","99","64","64"
"USC00052223","DENVER WATER DEPARTMENT, CO US","2019-07-16","96","63","66"
"USC00052223","DENVER WATER DEPARTMENT, CO US","2019-07-17","99","66","75"
"USC00052223","DENVER WATER DEPARTMENT, CO US","2019-07-18","100","65","65"
"USC00052223","DENVER WATER DEPARTMENT, CO US","2019-07-19","102","65","67"
"USC00052223","DENVER WATER DEPARTMENT, CO US","2019-07-20","103","67","71"
"USC00052223","DENVER WATER DEPARTMENT, CO US","2019-07-21","95","60","60"
"USC00052223","DENVER WATER DEPARTMENT, CO US","2019-07-22","89","60","63"
"USC00052223","DENVER WATER DEPARTMENT, CO US","2019-07-23","91","63","64"
"USC00052223","DENVER WATER DEPARTMENT, CO US","2019-07-24","101","64","67"
"USC00052223","DENVER WATER DEPARTMENT, CO US","2019-07-26","94","66","70"
"USC00052223","DENVER WATER DEPARTMENT, CO US","2019-07-27","98","70","70"
"USC00052223","DENVER WATER DEPARTMENT, CO US","2019-07-28","90","66","66"
"USC00052223","DENVER WATER DEPARTMENT, CO US","2019-07-29","93","66","66"
"USC00052223","DENVER WATER DEPARTMENT, CO US","2019-07-30","98","64","64"
"USC00052223","DENVER WATER DEPARTMENT, CO US","2019-07-31","100","64","68"
"USC00052223","DENVER WATER DEPARTMENT, CO US","2019-08-01","97","65","67"
"USC00052223","DENVER WATER DEPARTMENT, CO US","2019-08-02","87","65","66"
"USC00052223","DENVER WATER DEPARTMENT, CO US","2019-08-03","88","65","65"
"USC00052223","DENVER WATER DEPARTMENT, CO US","2019-08-04","97","65","67"
"USC00052223","DENVER WATER DEPARTMENT, CO US","2019-08-05","93","66","67"
"USC00052223","DENVER WATER DEPARTMENT, CO US","2019-08-06","93","65","65"
"USC00052223","DENVER WATER DEPARTMENT, CO US","2019-08-07","100","65","70"
"USC00052223","DENVER WATER DEPARTMENT, CO US","2019-08-08","91","67","69"
"USC00052223","DENVER WATER DEPARTMENT, CO US","2019-08-09","85","68","69"
"USC00052223","DENVER WATER DEPARTMENT, CO US","2019-08-10","100","69","70"
"USC00052223","DENVER WATER DEPARTMENT, CO US","2019-08-11","88","68","68"
"USC00052223","DENVER WATER DEPARTMENT, CO US","2019-08-12","87","63","64"
"USC00052223","DENVER WATER DEPARTMENT, CO US","2019-08-13","94","63","63"
"USC00052223","DENVER WATER DEPARTMENT, CO US","2019-08-14","94","63","63"
"USC00052223","DENVER WATER DEPARTMENT, CO US","2019-08-15","95","62","63"
"USC00052223","DENVER WATER DEPARTMENT, CO US","2019-08-16","96","61","61"
"USC00052223","DENVER WATER DEPARTMENT, CO US","2019-08-17","93","61","62"
"USC00052223","DENVER WATER DEPARTMENT, CO US","2019-08-18","93","58","59"
"USC00052223","DENVER WATER DEPARTMENT, CO US","2019-08-19","96","59","63"
"USC00052223","DENVER WATER DEPARTMENT, CO US","2019-08-20","101","63","64"
"USC00052223","DENVER WATER DEPARTMENT, CO US","2019-08-21","102","64","65"
"USC00052223","DENVER WATER DEPARTMENT, CO US","2019-08-22","85","59","59"
"USC00052223","DENVER WATER DEPARTMENT, CO US","2019-08-23","90","59","66"
"USC00052223","DENVER WATER DEPARTMENT, CO US","2019-08-24","91","57","58"
"USC00052223","DENVER WATER DEPARTMENT, CO US","2019-08-25","90","58","65"
"USC00052223","DENVER WATER DEPARTMENT, CO US","2019-08-26","97","60","60"
"USC00052223","DENVER WATER DEPARTMENT, CO US","2019-08-27","91","57","57"
"USC00052223","DENVER WATER DEPARTMENT, CO US","2019-08-28","90","55","55"
"USC00052223","DENVER WATER DEPARTMENT, CO US","2019-08-29","95","54","62"
"USC00052223","DENVER WATER DEPARTMENT, CO US","2019-08-30","93","60","60"
"USC00052223","DENVER WATER DEPARTMENT, CO US","2019-08-31","90","60","60"
"USC00052223","DENVER WATER DEPARTMENT, CO US","2019-09-01","94","60","61"
"USC00052223","DENVER WATER DEPARTMENT, CO US","2019-09-02","99","61","65"
"USC00052223","DENVER WATER DEPARTMENT, CO US","2019-09-03","100","61","63"
"USC00052223","DENVER WATER DEPARTMENT, CO US","2019-09-04","87","63","64"
"USC00052223","DENVER WATER DEPARTMENT, CO US","2019-09-05","96","64","65"
"USC00052223","DENVER WATER DEPARTMENT, CO US","2019-09-06","99","65","67"
"USC00052223","DENVER WATER DEPARTMENT, CO US","2019-09-07","87","62","62"
"USC00052223","DENVER WATER DEPARTMENT, CO US","2019-09-08","92","56","56"
"USC00052223","DENVER WATER DEPARTMENT, CO US","2019-09-09","77","56","57"
"USC00052223","DENVER WATER DEPARTMENT, CO US","2019-09-10","86","57","61"
"USC00052223","DENVER WATER DEPARTMENT, CO US","2019-09-11","94","58","59"
"USC00052223","DENVER WATER DEPARTMENT, CO US","2019-09-12","81","52","55"
"USC00052223","DENVER WATER DEPARTMENT, CO US","2019-09-13","80","50","50"
"USC00052223","DENVER WATER DEPARTMENT, CO US","2019-09-14","81","49","54"
"USC00052223","DENVER WATER DEPARTMENT, CO US","2019-09-15","88","51","52"
"USC00052223","DENVER WATER DEPARTMENT, CO US","2019-09-16","92","52","62"
"USC00052223","DENVER WATER DEPARTMENT, CO US","2019-09-17","91","61","62"
"USC00052223","DENVER WATER DEPARTMENT, CO US","2019-09-18","92","55","55"
"USC00052223","DENVER WATER DEPARTMENT, CO US","2019-09-20","87","55","58"
"USC00052223","DENVER WATER DEPARTMENT, CO US","2019-09-24","84","50","55"
"USC00052223","DENVER WATER DEPARTMENT, CO US","2019-09-25","89","51","51"
"USC00052223","DENVER WATER DEPARTMENT, CO US","2019-09-26","85","49","49"
"USC00052223","DENVER WATER DEPARTMENT, CO US","2019-09-27","90","48","52"
"USC00052223","DENVER WATER DEPARTMENT, CO US","2019-09-28","82","48","49"
"USC00052223","DENVER WATER DEPARTMENT, CO US","2019-09-29","82","49","50"
"USC00052223","DENVER WATER DEPARTMENT, CO US","2019-09-30","91","50","54"
"USC00052223","DENVER WATER DEPARTMENT, CO US","2019-10-01","75","51","51"
"USC00052223","DENVER WATER DEPARTMENT, CO US","2019-10-02","53","42","42"
"USC00052223","DENVER WATER DEPARTMENT, CO US","2019-10-03","66","42","49"
"USC00052223","DENVER WATER DEPARTMENT, CO US","2019-10-04","70","43","43"
"USC00052223","DENVER WATER DEPARTMENT, CO US","2019-10-05","75","42","44"
"USC00052223","DENVER WATER DEPARTMENT, CO US","2019-10-06","70","44","48"
"USC00052223","DENVER WATER DEPARTMENT, CO US","2019-10-07","65","35","35"
"USC00052223","DENVER WATER DEPARTMENT, CO US","2019-10-08","81","35","44"
"USC00052223","DENVER WATER DEPARTMENT, CO US","2019-10-09","82","44","46"
"USC00052223","DENVER WATER DEPARTMENT, CO US","2019-10-10","85","21","21"
"USC00052223","DENVER WATER DEPARTMENT, CO US","2019-10-11","27","18","18"
"USC00052223","DENVER WATER DEPARTMENT, CO US","2019-10-12","55","18","29"
"USC00052223","DENVER WATER DEPARTMENT, CO US","2019-10-13","71","29","32"
"USC00052223","DENVER WATER DEPARTMENT, CO US","2019-10-14","75","32","37"
"USC00052223","DENVER WATER DEPARTMENT, CO US","2019-10-15","77","36","39"
"USC00052223","DENVER WATER DEPARTMENT, CO US","2019-10-16","62","37","37"
"USC00052223","DENVER WATER DEPARTMENT, CO US","2019-10-17","82","37","47"
"USC00052223","DENVER WATER DEPARTMENT, CO US","2019-10-18","82","42","44"
"USC00052223","DENVER WATER DEPARTMENT, CO US","2019-10-19","65","33","33"
"USC00052223","DENVER WATER DEPARTMENT, CO US","2019-10-20","68","33","41"
"USC00052223","DENVER WATER DEPARTMENT, CO US","2019-10-21","50","39","41"
"USC00052223","DENVER WATER DEPARTMENT, CO US","2019-10-22","55","32","33"
"USC00052223","DENVER WATER DEPARTMENT, CO US","2019-10-23","67","33","48"
"USC00052223","DENVER WATER DEPARTMENT, CO US","2019-10-24","56","29","30"
"USC00052223","DENVER WATER DEPARTMENT, CO US","2019-10-25","45","30","31"
"USC00052223","DENVER WATER DEPARTMENT, CO US","2019-10-26","63","31","40"
"USC00052223","DENVER WATER DEPARTMENT, CO US","2019-10-27","78","26","26"
"USC00052223","DENVER WATER DEPARTMENT, CO US","2019-10-28","36","16","16"
"USC00052223","DENVER WATER DEPARTMENT, CO US","2019-10-29","36","16","19"
"USC00052223","DENVER WATER DEPARTMENT, CO US","2019-10-30","19","7","8"
"USC00052223","DENVER WATER DEPARTMENT, CO US","2019-10-31","27","7","13"
"USC00052223","DENVER WATER DEPARTMENT, CO US","2019-11-01","47","13","23"
"USC00052223","DENVER WATER DEPARTMENT, CO US","2019-11-02","37","20","20"
"USC00052223","DENVER WATER DEPARTMENT, CO US","2019-11-03","56","20","27"
"USC00052223","DENVER WATER DEPARTMENT, CO US","2019-11-04","61","27","35"
"USC00052223","DENVER WATER DEPARTMENT, CO US","2019-11-05","52","28","28"
"USC00052223","DENVER WATER DEPARTMENT, CO US","2019-11-06","62","28","31"
"USC00052223","DENVER WATER DEPARTMENT, CO US","2019-11-07","61","28","31"
"USC00052223","DENVER WATER DEPARTMENT, CO US","2019-11-08","51","30","32"
"USC00052223","DENVER WATER DEPARTMENT, CO US","2019-11-09","73","32","44"
"USC00052223","DENVER WATER DEPARTMENT, CO US","2019-11-10","80","33","36"
"USC00052223","DENVER WATER DEPARTMENT, CO US","2019-11-11","69","13","18"
"USC00052223","DENVER WATER DEPARTMENT, CO US","2019-11-12","27","18","21"
"USC00052223","DENVER WATER DEPARTMENT, CO US","2019-11-13","67","21","51"
"USC00052223","DENVER WATER DEPARTMENT, CO US","2019-11-14","58","33","33"
"USC00052223","DENVER WATER DEPARTMENT, CO US","2019-11-15","59","33","36"
"USC00052223","DENVER WATER DEPARTMENT, CO US","2019-11-16","73","36","40"
"USC00052223","DENVER WATER DEPARTMENT, CO US","2019-11-17","63","29","31"
"USC00052223","DENVER WATER DEPARTMENT, CO US","2019-11-18","60","31","50"
"USC00052223","DENVER WATER DEPARTMENT, CO US","2019-11-19","70","35","35"
"USC00052223","DENVER WATER DEPARTMENT, CO US","2019-11-20","66","34","43"
"USC00052223","DENVER WATER DEPARTMENT, CO US","2019-11-21","53","26","26"
"USC00052223","DENVER WATER DEPARTMENT, CO US","2019-11-22","26","26","26"
"USC00052223","DENVER WATER DEPARTMENT, CO US","2019-11-23","44","24","29"
"USC00052223","DENVER WATER DEPARTMENT, CO US","2019-11-24","61","29","37"
"USC00052223","DENVER WATER DEPARTMENT, CO US","2019-11-25","66","31","31"
"USC00052223","DENVER WATER DEPARTMENT, CO US","2019-11-26","41","24","24"
"USC00052223","DENVER WATER DEPARTMENT, CO US","2019-11-27","26","6","7"
"USC00052223","DENVER WATER DEPARTMENT, CO US","2019-11-28","25","7","16"
"USC00052223","DENVER WATER DEPARTMENT, CO US","2019-11-29","31","15","16"
"USC00052223","DENVER WATER DEPARTMENT, CO US","2019-11-30","36","16","36"
"USC00052223","DENVER WATER DEPARTMENT, CO US","2019-12-01","39","13","13"
"USC00052223","DENVER WATER DEPARTMENT, CO US","2019-12-02","37","13","19"
"USC00052223","DENVER WATER DEPARTMENT, CO US","2019-12-03","55","19","33"
"USC00052223","DENVER WATER DEPARTMENT, CO US","2019-12-04","58","30","31"
"USC00052223","DENVER WATER DEPARTMENT, CO US","2019-12-05","56","31","38"
"USC00052223","DENVER WATER DEPARTMENT, CO US","2019-12-06","38","26","26"
"USC00052223","DENVER WATER DEPARTMENT, CO US","2019-12-07","52","26","28"
"USC00052223","DENVER WATER DEPARTMENT, CO US","2019-12-08","65","28","33"
"USC00052223","DENVER WATER DEPARTMENT, CO US","2019-12-09","60","26","29"
"USC00052223","DENVER WATER DEPARTMENT, CO US","2019-12-10","38","23","26"
"USC00052223","DENVER WATER DEPARTMENT, CO US","2019-12-11","41","26","29"
"USC00052223","DENVER WATER DEPARTMENT, CO US","2019-12-12","54","29","33"
"USC00052223","DENVER WATER DEPARTMENT, CO US","2019-12-13","57","29","35"
"USC00052223","DENVER WATER DEPARTMENT, CO US","2019-12-14","48","30","30"
"USC00052223","DENVER WATER DEPARTMENT, CO US","2019-12-15","38","23","23"
"USC00052223","DENVER WATER DEPARTMENT, CO US","2019-12-16","32","23","26"
"USC00052223","DENVER WATER DEPARTMENT, CO US","2019-12-17","37","20","21"
"USC00052223","DENVER WATER DEPARTMENT, CO US","2019-12-18","48","21","34"
"USC00052223","DENVER WATER DEPARTMENT, CO US","2019-12-19","60","34","38"
"USC00052223","DENVER WATER DEPARTMENT, CO US","2019-12-20","50","23","24"
"USC00052223","DENVER WATER DEPARTMENT, CO US","2019-12-21","56","24","32"
"USC00052223","DENVER WATER DEPARTMENT, CO US","2019-12-22","67","32","38"
"USC00052223","DENVER WATER DEPARTMENT, CO US","2019-12-23","66","37","38"
"USC00052223","DENVER WATER DEPARTMENT, CO US","2019-12-24","63","37","38"
"USC00052223","DENVER WATER DEPARTMENT, CO US","2019-12-25","54","26","27"
"USC00052223","DENVER WATER DEPARTMENT, CO US","2019-12-26","57","24","24"
"USC00052223","DENVER WATER DEPARTMENT, CO US","2019-12-27","38","23","23"
"USC00052223","DENVER WATER DEPARTMENT, CO US","2019-12-28","39","23","25"
"USC00052223","DENVER WATER DEPARTMENT, CO US","2019-12-29","30","10","10"
"USC00052223","DENVER WATER DEPARTMENT, CO US","2019-12-30","34","10","15"
"USC00052223","DENVER WATER DEPARTMENT, CO US","2019-12-31","39","15","17"